"Acer","Aspire TC-865","IT8613"
"Acer","Aspire TC-885","IT8613"
"Acer","Aspire XC-885","IT8613"
"Acer","ConceptD CM100-51A","IT8613"
"Acer","Nitro N50-600","IT8613"
"Acer","Predator PO3-600","IT8613"
"Acer","Veriton L4630G","IT8732"
"Acer","Veriton M4630G","IT8732"
"Acer","Veriton X4640G","IT8733"
"Acer","Veriton X4660G","IT8732"
"AIO","PC","NCT6798D"
"Allen","AMD","IT8665E"
"Allen","ricky-amd","IT8665E"
"AlphaSync","1145991","IT8655E"
"AlphaSync","1146831","NCT6798D"
"Aquarius","Pro, Std, Elt Series","NCT5535D"
"Aquarius","Pro, Std, Elt Series","NCT6791D"
"Aquarius","S20 K29","NCT6798D"
"Aquarius","Std S20 K10","NCT6791D"
"Aquarius","Std S20 K12","NCT6791D"
"Aquarius","Std S20 S63","NCT5535D"
"Aquarius","Std S20 S82","NCT5538D"
"Aquarius","Std W20 S61","NCT5535D"
"Aquarius","Std W60 K11","NCT6791D"
"Arbyte Computers","Arbyte CADStation WS 262","NCT6776F"
"Arbyte Computers","ARBYTE QUINT MD4-H110","NCT5539D"
"ASUSTek Computer","20161","NCT6798D-R"
"ASUSTek Computer","A320M-C","IT8665E"
"ASUSTek Computer","A4320A6420","NCT6791D"
"ASUSTek Computer","A88XM-A-USB","IT8603E"
"ASUSTek Computer","A88XM-E-USB","IT8603E"
"ASUSTek Computer","A88X-PLUS-USB","IT8603E"
"ASUSTek Computer","B150I PRO GAMING/AURA","NCT5539D"
"ASUSTek Computer","B150I PRO GAMING/WIFI/AURA","NCT5539D"
"ASUSTek Computer","B150M-A D3","NCT6793D"
"ASUSTek Computer","B150M-A-M.2","NCT6793D"
"ASUSTek Computer","B150M-A","NCT6793D"
"ASUSTek Computer","B150M-C-BR","NCT6791D"
"ASUSTek Computer","B150M-C D3-BR","NCT6791D"
"ASUSTek Computer","B150M-C D3","NCT6791D"
"ASUSTek Computer","B150M-C","NCT6791D"
"ASUSTek Computer","B150M-D","NCT6793D"
"ASUSTek Computer","B150M-K D3","NCT5539D"
"ASUSTek Computer","B150M-K","NCT5539D"
"ASUSTek Computer","B150M-PLUS D3","NCT5539D"
"ASUSTek Computer","B150M-PLUS","NCT5539D"
"ASUSTek Computer","B150M PRO GAMING","NCT6793D"
"ASUSTek Computer","B150-PLUS","NCT5539D"
"ASUSTek Computer","B150-PRO D3","NCT5539D"
"ASUSTek Computer","B150 PRO GAMING/AURA","NCT6793D"
"ASUSTek Computer","B150 PRO GAMING D3","NCT6793D"
"ASUSTek Computer","B150 PRO GAMING","NCT6793D"
"ASUSTek Computer","B250 MINING EXPERT","NCT5539D"
"ASUSTek Computer","B360M-BASALT","NCT5582D"
"ASUSTek Computer","B360M-D3H","NCT5582D"
"ASUSTek Computer","BM6630/BM6330/BP6230-8","NCT6776F"
"ASUSTek Computer","BM6630/BM6330/BP6230","NCT6776F"
"ASUSTek Computer","BM6AD/BM1AD/BP1AD","NCT6791D"
"ASUSTek Computer","BT6130-8","NCT5579D"
"ASUSTek Computer","C8HM70-I-HDMI","NCT5535D"
"ASUSTek Computer","CM6330/CM6630/CM6730/CM6830-8","NCT6776F"
"ASUSTek Computer","CM6330/CM6630/CM6730/CM6830/M11AA-8","NCT6776F"
"ASUSTek Computer","CM6630/CM6730/CM6830","NCT6776F"
"ASUSTek Computer","D520MT/D520SF/D320MT","NCT6791D"
"ASUSTek Computer","E3M-ET V5 SERIES","NCT5539D"
"ASUSTek Computer","E3 PRO GAMING V5","NCT6793D"
"ASUSTek Computer","E520","NCT5538D"
"ASUSTek Computer","ESC700 G2","NCT6776F"
"ASUSTek Computer","ET2221I-B85","NCT6791D"
"ASUSTek Computer","ET2230I","NCT6791D"
"ASUSTek Computer","ET2702I","NCT6791D"
"ASUSTek Computer","EX-A320M-GAMING","IT8655E"
"ASUSTek Computer","EX-B150M-V3","NCT5539D"
"ASUSTek Computer","EX-B250-V7","NCT5539D"
"ASUSTek Computer","EX-B365M-V5","NCT5582D"
"ASUSTek Computer","EX-H310M-V3 R2.0","NCT5582D"
"ASUSTek Computer","G10AC","NCT5538D"
"ASUSTek Computer","G10AJ","NCT5538D"
"ASUSTek Computer","G20AJ","NCT5538D"
"ASUSTek Computer","G30AB","NCT6791D"
"ASUSTek Computer","H110I-PLUS","NCT5539D"
"ASUSTek Computer","H110M-A D3","NCT5539D"
"ASUSTek Computer","H110M-A-DP","NCT5539D"
"ASUSTek Computer","H110M-A-M.2","NCT5539D"
"ASUSTek Computer","H110M-A","NCT5539D"
"ASUSTek Computer","H110M-C2","NCT6791D"
"ASUSTek Computer","H110M-C-BR","NCT6791D"
"ASUSTek Computer","H110M-C","NCT6791D"
"ASUSTek Computer","H110M-C-PS","NCT6791D"
"ASUSTek Computer","H110M-CS-BR","NCT6791D"
"ASUSTek Computer","H110M-CS","NCT6791D"
"ASUSTek Computer","H110M-D","NCT6793D"
"ASUSTek Computer","H110M-E-M.2","NCT5539D"
"ASUSTek Computer","H110M-E","NCT5539D"
"ASUSTek Computer","H110M-F","NCT5539D"
"ASUSTek Computer","H110M-K D3","NCT5539D"
"ASUSTek Computer","H110M-K","NCT5539D"
"ASUSTek Computer","H110M-PLUS","NCT5539D"
"ASUSTek Computer","H110M-R","NCT6791D"
"ASUSTek Computer","H110-PLUS","NCT6793D"
"ASUSTek Computer","H110S2","NCT5539D"
"ASUSTek Computer","H110T","NCT5539D"
"ASUSTek Computer","H170I-PLUS D3","NCT5539D"
"ASUSTek Computer","H170I-PRO","NCT5539D"
"ASUSTek Computer","H170M-E D3","NCT6793D"
"ASUSTek Computer","H170M-PLUS-BR","NCT6793D"
"ASUSTek Computer","H170M-PLUS","NCT6793D"
"ASUSTek Computer","H170-PLUS D3","NCT5539D"
"ASUSTek Computer","H170 PRO GAMING","NCT6793D"
"ASUSTek Computer","H170-PRO","NCT5539D"
"ASUSTek Computer","H170-PRO-USB","NCT5539D"
"ASUSTek Computer","H61M-A-BR","NCT5535D"
"ASUSTek Computer","H61M-A","NCT5535D"
"ASUSTek Computer","H61M-A-USB3","NCT5535D"
"ASUSTek Computer","H61M-C","NCT5535D"
"ASUSTek Computer","H61M-CS","NCT5535D"
"ASUSTek Computer","H61M-D","NCT5535D"
"ASUSTek Computer","H61M-E","IT8603E"
"ASUSTek Computer","H61M-F","NCT5535D"
"ASUSTek Computer","H61M-K","NCT5535D"
"ASUSTek Computer","H61M-PLUS","NCT5535D"
"ASUSTek Computer","H61M-PRO","NCT5535D"
"ASUSTek Computer","K30AD/M31AD/M51AD","NCT5538D"
"ASUSTek Computer","K5130","NCT5535D"
"ASUSTek Computer","Komplett PC","NCT6798D"
"ASUSTek Computer","M11AD","NCT5538D"
"ASUSTek Computer","M51AC","NCT5538D"
"ASUSTek Computer","M52AD/M12AD/A/F/K31AD","NCT5538D"
"ASUSTek Computer","M5A78L-M LE-USB3","IT8771E"
"ASUSTek Computer","M5A78L-M PLUS-USB3","IT8728F"
"ASUSTek Computer","M5A97 PLUS","IT8721"
"ASUSTek Computer","M70AD","NCT5538D"
"ASUSTek Computer","Maximus IV Extreme","NCT6776F"
"ASUSTek Computer","Maximus IV Extreme-Z","NCT6776F"
"ASUSTek Computer","Maximus IV GENE-Z-GEN3","NCT6776F"
"ASUSTek Computer","Maximus IV GENE-Z","NCT6776F"
"ASUSTek Computer","Maximus IX CODE","NCT6793D"
"ASUSTek Computer","Maximus IX FORMULA","NCT6793D"
"ASUSTek Computer","Maximus IX HERO","NCT6793D"
"ASUSTek Computer","MAXIMUS VII HERO","NCT6791D"
"ASUSTek Computer","Maximus VIII EXTREME","NCT6793D"
"ASUSTek Computer","Maximus VIII FORMULA","NCT6793D"
"ASUSTek Computer","Maximus VIII GENE","NCT6793D"
"ASUSTek Computer","Maximus VIII HERO ALPHA","NCT6793D"
"ASUSTek Computer","Maximus VIII HERO","NCT6793D"
"ASUSTek Computer","Maximus VIII IMPACT","NCT6793D"
"ASUSTek Computer","Maximus VIII RANGER","NCT6793D"
"ASUSTek Computer","P8B WS","NCT6776F"
"ASUSTek Computer","P8C WS","NCT6776F"
"ASUSTek Computer","P8H61-I LX","NCT5579D"
"ASUSTek Computer","P8H61-I LX R2.0","NCT5535D"
"ASUSTek Computer","P8H61-I R2.0","NCT5579D"
"ASUSTek Computer","P8H61-M EVO","NCT6776F"
"ASUSTek Computer","P8H61-M LE-BR","NCT6776F"
"ASUSTek Computer","P8H61-M LE-CSM","NCT6776F"
"ASUSTek Computer","P8H61-M LE-CSM R2.0","NCT6779D"
"ASUSTek Computer","P8H61-M LE","NCT6776F"
"ASUSTek Computer","P8H61-M LE R2.0","NCT6779D"
"ASUSTek Computer","P8H61-M LE-USB3","NCT6776F"
"ASUSTek Computer","P8H61-M LX2 2.0","NCT5535D"
"ASUSTek Computer","P8H61-M LX2 R2.0","NCT5535D"
"ASUSTek Computer","P8H61-M LX3 PLUS R2.0","NCT5535D"
"ASUSTek Computer","P8H61-M LX3 R2.0","NCT5535D"
"ASUSTek Computer","P8H61-M LX","NCT6776F"
"ASUSTek Computer","P8H61-M LX PLUS","NCT6776F"
"ASUSTek Computer","P8H61-M LX PLUS R2.0","NCT6779D"
"ASUSTek Computer","P8H61-M LX R2.0","NCT6779D"
"ASUSTek Computer","P8H61-M","NCT6776F"
"ASUSTek Computer","P8H61-M PRO","NCT6776F"
"ASUSTek Computer","P8H61-MX R2.0","NCT5535D"
"ASUSTek Computer","P8H61-MX USB3","NCT5535D"
"ASUSTek Computer","P8H61","NCT6776F"
"ASUSTek Computer","P8H61 PLUS","NCT6776F"
"ASUSTek Computer","P8H61 PRO","NCT6776F"
"ASUSTek Computer","P8H61 R2.0","NCT6779D"
"ASUSTek Computer","P8H61-USB3","NCT6776F"
"ASUSTek Computer","P8H61-USB3 R2.0","NCT6779D"
"ASUSTek Computer","P8H61-V","NCT6776F"
"ASUSTek Computer","P8H67-M EVO","NCT6776F"
"ASUSTek Computer","P8H67-M","NCT6776F"
"ASUSTek Computer","P8H67-M PRO","NCT6776F"
"ASUSTek Computer","P8H67","NCT6776F"
"ASUSTek Computer","P8H67-V","NCT6776F"
"ASUSTek Computer","P8P67 DELUXE","NCT6776F"
"ASUSTek Computer","P8P67 EVO","NCT6776F"
"ASUSTek Computer","P8P67","NCT6776F"
"ASUSTek Computer","P8P67 PRO","NCT6776F"
"ASUSTek Computer","P8P67 WS REVOLUTION","NCT6776F"
"ASUSTek Computer","P8Z68 DELUXE-GEN3","NCT6776F"
"ASUSTek Computer","P8Z68 DELUXE","NCT6776F"
"ASUSTek Computer","P8Z68-M PRO","NCT6776F"
"ASUSTek Computer","P8Z68-V GEN3","NCT6776F"
"ASUSTek Computer","P8Z68-V LE","NCT6776F"
"ASUSTek Computer","P8Z68-V LX","NCT6776F"
"ASUSTek Computer","P8Z68-V","NCT6776F"
"ASUSTek Computer","P8Z68-V PRO GEN3","NCT6776F"
"ASUSTek Computer","P8Z68-V PRO","NCT6776F"
"ASUSTek Computer","P8Z77-V LX2","NCT5535D"
"ASUSTek Computer","P8Z77-V LX","NCT5535D"
"ASUSTek Computer","P9X79 DELUXE","NCT6776F"
"ASUSTek Computer","P9X79 LE","NCT6776F"
"ASUSTek Computer","P9X79","NCT6776F"
"ASUSTek Computer","P9X79 PRO","NCT6776F"
"ASUSTek Computer","P9X79 WS","NCT6776F"
"ASUSTek Computer","PRIME A320I-K","IT8655E"
"ASUSTek Computer","PRIME A320M-A","IT8655E"
"ASUSTek Computer","PRIME A320M-C R2.0","IT8665E"
"ASUSTek Computer","PRIME A320M-E","IT8655E"
"ASUSTek Computer","PRIME A320M-F","IT8655E"
"ASUSTek Computer","PRIME A320M-K-BR","IT8655E"
"ASUSTek Computer","PRIME A320M-K","IT8655E"
"ASUSTek Computer","PRIME A320M-R","IT8655E"
"ASUSTek Computer","PRIME A520M-A","NCT6798D-R"
"ASUSTek Computer","PRIME A520M-E","NCT6798D-R"
"ASUSTek Computer","PRIME A520M-K","NCT6798D-R"
"ASUSTek Computer","PRIME B250-A","NCT5539D"
"ASUSTek Computer","PRIME B250M-A","NCT6793D"
"ASUSTek Computer","PRIME B250M-C","NCT6793D"
"ASUSTek Computer","PRIME B250M-K","NCT5539D"
"ASUSTek Computer","PRIME B250M-PLUS-BR","NCT5539D"
"ASUSTek Computer","PRIME B250M-PLUS","NCT5539D"
"ASUSTek Computer","PRIME B250-PLUS","NCT5539D"
"ASUSTek Computer","PRIME B250-PRO","NCT5539D"
"ASUSTek Computer","PRIME B350M-A","IT8655E"
"ASUSTek Computer","PRIME B350M-E","IT8655E"
"ASUSTek Computer","PRIME B350M-K","IT8655E"
"ASUSTek Computer","PRIME B350-PLUS","IT8655E"
"ASUSTek Computer","PRIME B360M-A","NCT6796D"
"ASUSTek Computer","PRIME B360M-C","NCT6793D"
"ASUSTek Computer","PRIME B360M-D","NCT5582D"
"ASUSTek Computer","PRIME B360M-K","NCT5582D"
"ASUSTek Computer","PRIME B360-PLUS","NCT5582D"
"ASUSTek Computer","PRIME B365M-A","NCT6796D"
"ASUSTek Computer","PRIME B365M-K","NCT5582D"
"ASUSTek Computer","PRIME B365-PLUS","NCT5582D"
"ASUSTek Computer","PRIME B450M-A II","IT8655E"
"ASUSTek Computer","PRIME B450M-A","IT8655E"
"ASUSTek Computer","PRIME B450M-GAMING-BR","IT8655E"
"ASUSTek Computer","PRIME B450M-GAMING II","IT8655E"
"ASUSTek Computer","PRIME B450M-K II","IT8655E"
"ASUSTek Computer","PRIME B450M-K","IT8655E"
"ASUSTek Computer","PRIME B450-PLUS","IT8665E"
"ASUSTek Computer","PRIME B460I-PLUS","NCT6798D"
"ASUSTek Computer","PRIME B460M-A","NCT6798D"
"ASUSTek Computer","PRIME B460M-A R2.0","NCT6798D"
"ASUSTek Computer","PRIME B460M-K","NCT6798D"
"ASUSTek Computer","PRIME B460-PLUS","NCT6798D"
"ASUSTek Computer","PRIME B550M-A AC","NCT6798D-R"
"ASUSTek Computer","PRIME B550M-A","NCT6798D-R"
"ASUSTek Computer","PRIME B550M-A WIFI II","NCT6798D-R"
"ASUSTek Computer","PRIME B550M-A (WI-FI)","NCT6798D"
"ASUSTek Computer","PRIME B550M-K","NCT6798D-R"
"ASUSTek Computer","PRIME B550-PLUS AC-HES","NCT6798D-R"
"ASUSTek Computer","PRIME B550-PLUS","NCT6798D-R"
"ASUSTek Computer","PRIME B560M-A AC","NCT6798D"
"ASUSTek Computer","PRIME B560M-A","NCT6798D"
"ASUSTek Computer","PRIME B560M-K","NCT6798D"
"ASUSTek Computer","PRIME B560-PLUS","NCT6798D"
"ASUSTek Computer","PRIME B650M-A AX","NCT6799D-R"
"ASUSTek Computer","PRIME B660M-A AC D4","NCT6798D"
"ASUSTek Computer","PRIME B660M-A WIFI D4","NCT6798D"
"ASUSTek Computer","PRIME B660M-K D4","NCT6798D"
"ASUSTek Computer","PRIME B660-PLUS D4","NCT6798D"
"ASUSTek Computer","PRIME H110M2","NCT6793D"
"ASUSTek Computer","PRIME H110M-P","NCT5539D"
"ASUSTek Computer","PRIME H270M-PLUS","NCT5539D"
"ASUSTek Computer","PRIME H270-PLUS","NCT5539D"
"ASUSTek Computer","PRIME H270-PRO","NCT5539D"
"ASUSTek Computer","Prime H310I-Plus","NCT6796D"
"ASUSTek Computer","PRIME H310I-PLUS R2.0","NCT5582D"
"ASUSTek Computer","PRIME H310M-A R2.0","NCT5582D"
"ASUSTek Computer","PRIME H310M-C","NCT6793D"
"ASUSTek Computer","PRIME H310M-CS R2.0","NCT6798D"
"ASUSTek Computer","PRIME H310M-D","NCT6796D"
"ASUSTek Computer","PRIME H310M-D R2.0","NCT6796D"
"ASUSTek Computer","PRIME H310M-E-BR","NCT5582D"
"ASUSTek Computer","PRIME H310M-E","NCT5582D"
"ASUSTek Computer","PRIME H310M-E R2.0-BR","NCT5582D"
"ASUSTek Computer","PRIME H310M-E R2.0","NCT5582D"
"ASUSTek Computer","PRIME H310M-F R2.0","NCT6798D"
"ASUSTek Computer","PRIME H310M-K","NCT5582D"
"ASUSTek Computer","PRIME H310M-K R2.0","NCT5582D"
"ASUSTek Computer","PRIME H310M-R R2.0","NCT6798D"
"ASUSTek Computer","PRIME H310-PLUS","NCT5582D"
"ASUSTek Computer","PRIME H310-PLUS R2.0","NCT6796D"
"ASUSTek Computer","PRIME H310T","NCT5582D"
"ASUSTek Computer","PRIME H310T R2.0","NCT5582D"
"ASUSTek Computer","PRIME H370-A","NCT5582D"
"ASUSTek Computer","PRIME H370M-PLUS","NCT5582D"
"ASUSTek Computer","PRIME H370-PLUS","NCT5582D"
"ASUSTek Computer","PRIME H410I-PLUS","NCT6798D"
"ASUSTek Computer","PRIME H410M-R","NCT6798D"
"ASUSTek Computer","PRIME H470M-PLUS","NCT6798D"
"ASUSTek Computer","PRIME H470-PLUS","NCT6798D"
"ASUSTek Computer","PRIME H510M-A","NCT6798D"
"ASUSTek Computer","PRIME H510M-A WIFI","NCT6798D"
"ASUSTek Computer","PRIME H510M-D","NCT6798D"
"ASUSTek Computer","PRIME H510M-E","NCT6798D"
"ASUSTek Computer","PRIME H510M-K","NCT6798D"
"ASUSTek Computer","PRIME H510M-R","NCT6798D"
"ASUSTek Computer","PRIME H510T2-CSM","NCT6798D"
"ASUSTek Computer","PRIME H570M-PLUS","NCT6798D"
"ASUSTek Computer","PRIME H570-PLUS","NCT6798D"
"ASUSTek Computer","PRIME H610M-A D4","NCT6798D"
"ASUSTek Computer","PRIME H610M-A WIFI D4","NCT6798D"
"ASUSTek Computer","PRIME H610M-E D4","NCT6798D"
"ASUSTek Computer","PRIME H610M-K D4","NCT6798D"
"ASUSTek Computer","PRIME H610M-R D4","NCT6798D"
"ASUSTek Computer","PRIME H670-PLUS D4","NCT6798D"
"ASUSTek Computer","PRIME Q270M-C","NCT6793D"
"ASUSTek Computer","PRIME TRX40-PRO","NCT6798D"
"ASUSTek Computer","PRIME TRX40-PRO S","NCT6798D"
"ASUSTek Computer","PRIME TRX40-PRO-S","NCT6798D"
"ASUSTek Computer","PRIME X299-A II","NCT6798D"
"ASUSTek Computer","PRIME X299-A","NCT6796D"
"ASUSTek Computer","PRIME X299-DELUXE II","NCT6796D"
"ASUSTek Computer","PRIME X299-DELUXE","NCT6796D"
"ASUSTek Computer","PRIME X370-A","IT8655E"
"ASUSTek Computer","PRIME X370-PRO","IT8665E"
"ASUSTek Computer","PRIME X470-PRO","IT8665E"
"ASUSTek Computer","PRIME X570-P","NCT6798D-R"
"ASUSTek Computer","PRIME X570-PRO","NCT6798D-R"
"ASUSTek Computer","PRIME X670E-PRO WIFI","NCT6799D-R"
"ASUSTek Computer","PRIME X670-P WIFI","NCT6799D-R"
"ASUSTek Computer","PRIME Z270-A","NCT6793D"
"ASUSTek Computer","PRIME Z270-AR","NCT6793D"
"ASUSTek Computer","PRIME Z270-K","NCT5539D"
"ASUSTek Computer","PRIME Z270M-PLUS","NCT5539D"
"ASUSTek Computer","PRIME Z270-P","NCT5539D"
"ASUSTek Computer","PRIME Z370-A II","NCT6793D"
"ASUSTek Computer","PRIME Z370-A","NCT6793D"
"ASUSTek Computer","PRIME Z370M-PLUS II","NCT6793D"
"ASUSTek Computer","PRIME Z370-P II","NCT6793D"
"ASUSTek Computer","PRIME Z370-P","NCT6793D"
"ASUSTek Computer","PRIME Z390-A","NCT6798D"
"ASUSTek Computer","PRIME Z390-P","NCT6798D"
"ASUSTek Computer","PRIME Z490-A","NCT6798D"
"ASUSTek Computer","PRIME Z490M-PLUS","NCT6798D"
"ASUSTek Computer","PRIME Z490-P","NCT6798D"
"ASUSTek Computer","PRIME Z590-A","NCT6798D"
"ASUSTek Computer","PRIME Z590M-PLUS","NCT6798D"
"ASUSTek Computer","PRIME Z590-P","NCT6798D"
"ASUSTek Computer","PRIME Z590-P WIFI","NCT6798D"
"ASUSTek Computer","PRIME Z590-V","NCT6798D"
"ASUSTek Computer","PRIME Z690-A","NCT6798D"
"ASUSTek Computer","PRIME Z690M-HZ","NCT6798D"
"ASUSTek Computer","PRIME Z690M-PLUS D4","NCT6798D"
"ASUSTek Computer","PRIME Z690-P D4","NCT6798D"
"ASUSTek Computer","PRIME Z690-P","NCT6798D"
"ASUSTek Computer","PRIME Z690-P WIFI D4","NCT6798D"
"ASUSTek Computer","PRIME Z690-P WIFI","NCT6798D"
"ASUSTek Computer","PRIME Z790M-PLUS D4","NCT6798D"
"ASUSTek Computer","PRIME Z790-P","NCT6798D"
"ASUSTek Computer","PRIME Z790-P WIFI","NCT6798D"
"ASUSTek Computer","PRO A320M-R WI-FI","IT8655E"
"ASUSTek Computer","ProArt B550-CREATOR","NCT6798D-R"
"ASUSTek Computer","ProArt X570-CREATOR WIFI","NCT6798D-R"
"ASUSTek Computer","ProArt X670E-CREATOR WIFI","NCT6799D-R"
"ASUSTek Computer","ProArt Z490-CREATOR 10G","NCT6798D"
"ASUSTek Computer","ProArt Z690-CREATOR WIFI","NCT6798D"
"ASUSTek Computer","PRO B460M-C","NCT6798D"
"ASUSTek Computer","Pro B550M-C","NCT6798D-R"
"ASUSTek Computer","PRO H410M-C","NCT6798D"
"ASUSTek Computer","PRO H410T","NCT6798D"
"ASUSTek Computer","Pro H510M-C","NCT6798D"
"ASUSTek Computer","Pro WS 565-ACE","NCT6798D-R"
"ASUSTek Computer","Pro WS C246-ACE","NCT6798D"
"ASUSTek Computer","Pro WS W480-ACE","NCT6798D"
"ASUSTek Computer","Pro WS W680-ACE","NCT6798D"
"ASUSTek Computer","Pro WS X570-ACE","NCT6798D-R"
"ASUSTek Computer","Q170S1","NCT5539D"
"ASUSTek Computer","Q170T","NCT5539D"
"ASUSTek Computer","Q370I-IM-A R2.0","NCT6116D"
"ASUSTek Computer","Rampage IV BLACK EDITION","NCT6776F"
"ASUSTek Computer","RAMPAGE IV BLACK EDITION","NCT6776F"
"ASUSTek Computer","Rampage IV EXTREME","NCT6776F"
"ASUSTek Computer","RAMPAGE IV EXTREME","NCT6776F"
"ASUSTek Computer","RAMPAGE IV FORMULA","NCT6776F"
"ASUSTek Computer","Rampage IV GENE","NCT6776F"
"ASUSTek Computer","ROG CROSSHAIR VIII DARK HERO","NCT6798D-R"
"ASUSTek Computer","ROG CROSSHAIR VIII EXTREME","NCT6798D-R"
"ASUSTek Computer","ROG CROSSHAIR VIII FORMULA","NCT6798D-R"
"ASUSTek Computer","ROG CROSSHAIR VIII HERO","NCT6798D-R"
"ASUSTek Computer","ROG CROSSHAIR VIII HERO (WI-FI)","NCT6798D"
"ASUSTek Computer","ROG CROSSHAIR VIII IMPACT","NCT6798D-R"
"ASUSTek Computer","ROG CROSSHAIR X670E EXTREME","NCT6799D-R"
"ASUSTek Computer","ROG CROSSHAIR X670E HERO","NCT6799D-R"
"ASUSTek Computer","ROG Maximus X APEX","NCT6793D"
"ASUSTek Computer","ROG Maximus X HERO","NCT6793D"
"ASUSTek Computer","ROG Maximus XI CODE","NCT6798D"
"ASUSTek Computer","ROG Maximus XI FORMULA","NCT6798D"
"ASUSTek Computer","ROG Maximus XI HERO","NCT6798D"
"ASUSTek Computer","ROG Maximus XII EXTREME","NCT6798D"
"ASUSTek Computer","ROG Maximus XII FORMULA","NCT6798D"
"ASUSTek Computer","ROG Maximus XII HERO","NCT6798D"
"ASUSTek Computer","ROG Maximus XIII APEX","NCT6798D"
"ASUSTek Computer","ROG Maximus XIII HERO","NCT6798D"
"ASUSTek Computer","ROG Maximus Z690 APEX","NCT6798D"
"ASUSTek Computer","ROG Maximus Z690 EXTREME","NCT6798D"
"ASUSTek Computer","ROG Maximus Z690 FORMULA","NCT6798D"
"ASUSTek Computer","ROG Maximus Z690 HERO","NCT6798D"
"ASUSTek Computer","ROG Maximus Z790 HERO","NCT6798D"
"ASUSTek Computer","ROG Rampage VI EXTREME ENCORE","NCT6798D"
"ASUSTek Computer","ROG STRIX B350-F GAMING","IT8665E"
"ASUSTek Computer","ROG STRIX B350-I GAMING","IT8665E"
"ASUSTek Computer","ROG STRIX B360-F GAMING","NCT6796D"
"ASUSTek Computer","ROG STRIX B360-G GAMING","NCT5582D"
"ASUSTek Computer","ROG STRIX B360-I GAMING","NCT6796D"
"ASUSTek Computer","ROG STRIX B365-F GAMING","NCT6796D"
"ASUSTek Computer","ROG STRIX B365-G GAMING","NCT6796D"
"ASUSTek Computer","ROG STRIX B450-F GAMING","IT8665E"
"ASUSTek Computer","ROG STRIX B460-F GAMING","NCT6798D"
"ASUSTek Computer","ROG STRIX B460-H GAMING","NCT6798D"
"ASUSTek Computer","ROG STRIX B460-I GAMING","NCT6798D"
"ASUSTek Computer","ROG STRIX B550-A GAMING","NCT6798D-R"
"ASUSTek Computer","ROG STRIX B550-E GAMING","NCT6798D-R"
"ASUSTek Computer","ROG STRIX B550-F GAMING","NCT6798D-R"
"ASUSTek Computer","ROG STRIX B550-F GAMING WIFI II","NCT6798D-R"
"ASUSTek Computer","ROG STRIX B550-F GAMING (WI-FI)","NCT6798D"
"ASUSTek Computer","ROG STRIX B550-I GAMING","NCT6798D-R"
"ASUSTek Computer","ROG STRIX B550-XE GAMING WIFI","NCT6798D-R"
"ASUSTek Computer","ROG STRIX B560-A GAMING WIFI","NCT6798D"
"ASUSTek Computer","ROG STRIX B560-E GAMING WIFI","NCT6798D"
"ASUSTek Computer","ROG STRIX B560-F GAMING WIFI","NCT6798D"
"ASUSTek Computer","ROG STRIX B560-I GAMING WIFI","NCT6798D"
"ASUSTek Computer","ROG STRIX B650-A GAMING WIFI","NCT6799D-R"
"ASUSTek Computer","ROG STRIX B650E-E GAMING WIFI","NCT6799D-R"
"ASUSTek Computer","ROG STRIX B650E-F GAMING WIFI","NCT6799D-R"
"ASUSTek Computer","ROG STRIX B650E-I GAMING WIFI","NCT6799D-R"
"ASUSTek Computer","ROG STRIX B660-A GAMING WIFI D4","NCT6798D"
"ASUSTek Computer","ROG STRIX B660-F GAMING WIFI","NCT6798D"
"ASUSTek Computer","ROG STRIX B660-I GAMING WIFI","NCT6798D"
"ASUSTek Computer","ROG STRIX H370-F GAMING","NCT6796D"
"ASUSTek Computer","ROG STRIX H370-I GAMING","NCT6796D"
"ASUSTek Computer","ROG STRIX H470-I GAMING","NCT6798D"
"ASUSTek Computer","ROG STRIX TRX40-E GAMING","NCT6798D"
"ASUSTek Computer","ROG STRIX TRX40-XE GAMING","NCT6798D"
"ASUSTek Computer","ROG STRIX X299-E GAMING","NCT6796D"
"ASUSTek Computer","ROG STRIX X370-F GAMING","IT8665E"
"ASUSTek Computer","ROG STRIX X470-F GAMING","IT8665E"
"ASUSTek Computer","ROG STRIX X570-E GAMING","NCT6798D-R"
"ASUSTek Computer","ROG STRIX X570-E GAMING WIFI II","NCT6798D-R"
"ASUSTek Computer","ROG STRIX X570-F GAMING","NCT6798D-R"
"ASUSTek Computer","ROG STRIX X570-I GAMING","NCT6798D-R"
"ASUSTek Computer","ROG STRIX X670E-A GAMING WIFI","NCT6799D-R"
"ASUSTek Computer","ROG STRIX X670E-E GAMING WIFI","NCT6799D-R"
"ASUSTek Computer","ROG STRIX X670E-F GAMING WIFI","NCT6799D-R"
"ASUSTek Computer","ROG STRIX X670E-I GAMING WIFI","NCT6799D-R"
"ASUSTek Computer","ROG STRIX Z370-E GAMING","NCT6793D"
"ASUSTek Computer","ROG STRIX Z370-F GAMING","NCT6793D"
"ASUSTek Computer","ROG STRIX Z370-G GAMING","NCT6793D"
"ASUSTek Computer","ROG STRIX Z370-H GAMING","NCT6793D"
"ASUSTek Computer","ROG STRIX Z370-I GAMING","NCT6793D"
"ASUSTek Computer","ROG STRIX Z390-E GAMING","NCT6798D"
"ASUSTek Computer","ROG STRIX Z390-F GAMING","NCT6798D"
"ASUSTek Computer","ROG STRIX Z490-A GAMING","NCT6798D"
"ASUSTek Computer","ROG STRIX Z490-E GAMING","NCT6798D"
"ASUSTek Computer","ROG STRIX Z490-F GAMING","NCT6798D"
"ASUSTek Computer","ROG STRIX Z490-G GAMING","NCT6798D"
"ASUSTek Computer","ROG STRIX Z490-H GAMING","NCT6798D"
"ASUSTek Computer","ROG STRIX Z490-I GAMING","NCT6798D"
"ASUSTek Computer","ROG STRIX Z590-A GAMING WIFI","NCT6798D"
"ASUSTek Computer","ROG STRIX Z590-E GAMING WIFI","NCT6798D"
"ASUSTek Computer","ROG STRIX Z590-F GAMING WIFI","NCT6798D"
"ASUSTek Computer","ROG STRIX Z590-I GAMING WIFI","NCT6798D"
"ASUSTek Computer","ROG STRIX Z690-A GAMING WIFI D4","NCT6798D"
"ASUSTek Computer","ROG STRIX Z690-E GAMING WIFI","NCT6798D"
"ASUSTek Computer","ROG STRIX Z690-F GAMING WIFI","NCT6798D"
"ASUSTek Computer","ROG STRIX Z690-G GAMING WIFI","NCT6798D"
"ASUSTek Computer","ROG STRIX Z790-E GAMING WIFI","NCT6798D"
"ASUSTek Computer","ROG ZENITH II EXTREME ALPHA","NCT6798D"
"ASUSTek Computer","ROG ZENITH II EXTREME","NCT6798D"
"ASUSTek Computer","SABERTOOTH P67","NCT6776F"
"ASUSTek Computer","SABERTOOTH X79","NCT6776F"
"ASUSTek Computer","SABERTOOTH Z170 MARK 1","NCT6793D"
"ASUSTek Computer","SABERTOOTH Z170 S","NCT6793D"
"ASUSTek Computer","STRIX B250F GAMING","NCT6793D"
"ASUSTek Computer","STRIX B250H GAMING","NCT5539D"
"ASUSTek Computer","STRIX B250I GAMING","NCT6793D"
"ASUSTek Computer","STRIX H270F GAMING","NCT6793D"
"ASUSTek Computer","STRIX Z270E GAMING","NCT6793D"
"ASUSTek Computer","STRIX Z270F GAMING","NCT6793D"
"ASUSTek Computer","STRIX Z270G GAMING","NCT6793D"
"ASUSTek Computer","STRIX Z270H GAMING K1","NCT6793D"
"ASUSTek Computer","STRIX Z270H GAMING","NCT6793D"
"ASUSTek Computer","STRIX Z270I GAMING","NCT6793D"
"ASUSTek Computer","TS10","NCT6792D"
"ASUSTek Computer","TUF B350M-PLUS GAMING","IT8655E"
"ASUSTek Computer","TUF B360M-E GAMING","NCT5582D"
"ASUSTek Computer","TUF B360M-PLUS GAMING-BR","NCT5582D"
"ASUSTek Computer","TUF B360M-PLUS GAMING","NCT5582D"
"ASUSTek Computer","TUF B360M-PLUS GAMING S","NCT5582D"
"ASUSTek Computer","TUF B360-PRO GAMING","NCT5582D"
"ASUSTek Computer","TUF B365M-PLUS GAMING","NCT5582D"
"ASUSTek Computer","TUF B365-PLUS GAMING","NCT5582D"
"ASUSTek Computer","TUF B450M-PLUS GAMING","IT8655E"
"ASUSTek Computer","TUF B450M-PRO GAMING","IT8655E"
"ASUSTek Computer","TUF B450-PLUS GAMING","IT8665E"
"ASUSTek Computer","TUF B450-PRO GAMING","IT8665E"
"ASUSTek Computer","TUF GAMING A520M-PLUS","NCT6798D-R"
"ASUSTek Computer","TUF Gaming A520M-PLUS WIFI","NCT6798D-R"
"ASUSTek Computer","TUF Gaming B450M-PLUS II","IT8655E"
"ASUSTek Computer","TUF GAMING B450M-PLUS II","IT8655E"
"ASUSTek Computer","TUF Gaming B450M-PRO II","IT8655E"
"ASUSTek Computer","TUF Gaming B450M-PRO S","IT8655E"
"ASUSTek Computer","TUF GAMING B450M-PRO S","IT8655E"
"ASUSTek Computer","TUF Gaming B450-PLUS II","IT8665E"
"ASUSTek Computer","TUF GAMING B450-PLUS II","IT8665E"
"ASUSTek Computer","TUF Gaming B460M-PLUS","NCT6798D"
"ASUSTek Computer","TUF GAMING B460M-PLUS","NCT6798D"
"ASUSTek Computer","TUF Gaming B460-PLUS","NCT6798D"
"ASUSTek Computer","TUF GAMING B460-PLUS","NCT6798D"
"ASUSTek Computer","TUF GAMING B460-PRO","NCT6798D"
"ASUSTek Computer","TUF Gaming B550M-E","NCT6798D-R"
"ASUSTek Computer","TUF Gaming B550M-E WIFI","NCT6798D-R"
"ASUSTek Computer","TUF Gaming B550M-PLUS","NCT6798D-R"
"ASUSTek Computer","TUF GAMING B550M-PLUS","NCT6798D-R"
"ASUSTek Computer","TUF Gaming B550M-PLUS WIFI II","NCT6798D-R"
"ASUSTek Computer","TUF Gaming B550-PLUS","NCT6798D-R"
"ASUSTek Computer","TUF GAMING B550-PLUS","NCT6798D-R"
"ASUSTek Computer","TUF Gaming B550-PLUS WIFI II","NCT6798D-R"
"ASUSTek Computer","TUF Gaming B550-PRO","NCT6798D-R"
"ASUSTek Computer","TUF Gaming B560M-E","NCT6798D"
"ASUSTek Computer","TUF Gaming B560-PLUS WIFI","NCT6798D"
"ASUSTek Computer","TUF Gaming B650M-PLUS","NCT6799D-R"
"ASUSTek Computer","TUF Gaming B650-PLUS WIFI","NCT6799D-R"
"ASUSTek Computer","TUF Gaming B660M-E D4","NCT6798D"
"ASUSTek Computer","TUF Gaming B660M-PLUS D4","NCT6798D"
"ASUSTek Computer","TUF Gaming B660M-PLUS WIFI D4","NCT6798D"
"ASUSTek Computer","TUF Gaming B660M-PLUS WIFI","NCT6798D"
"ASUSTek Computer","TUF Gaming B660-PLUS WIFI D4","NCT6798D"
"ASUSTek Computer","TUF Gaming H470-PRO","NCT6798D"
"ASUSTek Computer","TUF Gaming H570-PRO","NCT6798D"
"ASUSTek Computer","TUF GAMING H570-PRO","NCT6798D"
"ASUSTek Computer","TUF Gaming H670-PRO WIFI D4","NCT6798D"
"ASUSTek Computer","TUF Gaming X570-PLUS/BR","NCT6798D-R"
"ASUSTek Computer","TUF GAMING X570-PLUS/BR","NCT6798D-R"
"ASUSTek Computer","TUF Gaming X570-PLUS","NCT6798D-R"
"ASUSTek Computer","TUF GAMING X570-PLUS","NCT6798D-R"
"ASUSTek Computer","TUF Gaming X570-PRO","NCT6798D-R"
"ASUSTek Computer","TUF GAMING X570-PRO","NCT6798D-R"
"ASUSTek Computer","TUF Gaming X570-PRO WIFI II","NCT6798D-R"
"ASUSTek Computer","TUF Gaming X670E-PLUS WIFI","NCT6799D-R"
"ASUSTek Computer","TUF Gaming Z490-PLUS","NCT6798D"
"ASUSTek Computer","TUF GAMING Z490-PLUS","NCT6798D"
"ASUSTek Computer","TUF GAMING Z490-PLUS (WI-FI)","NCT6798D"
"ASUSTek Computer","TUF Gaming Z590-PLUS","NCT6798D"
"ASUSTek Computer","TUF GAMING Z590-PLUS","NCT6798D"
"ASUSTek Computer","TUF Gaming Z590-PLUS WIFI","NCT6798D"
"ASUSTek Computer","TUF GAMING Z590-PLUS WIFI","NCT6798D"
"ASUSTek Computer","TUF Gaming Z690-PLUS D4","NCT6798D"
"ASUSTek Computer","TUF Gaming Z690-PLUS WIFI D4","NCT6798D"
"ASUSTek Computer","TUF Gaming Z790-PLUS WIFI D4","NCT6798D"
"ASUSTek Computer","TUF H310M-PLUS GAMING-BR","NCT5582D"
"ASUSTek Computer","TUF H310M-PLUS GAMING","NCT5582D"
"ASUSTek Computer","TUF X299 MARK 1","NCT6796D"
"ASUSTek Computer","TUF X299 MARK 2","NCT6796D"
"ASUSTek Computer","TUF X470-PLUS GAMING","IT8665E"
"ASUSTek Computer","TUF Z270 MARK 1","NCT6793D"
"ASUSTek Computer","TUF Z270 MARK 2","NCT6793D"
"ASUSTek Computer","TUF Z370-PLUS GAMING II","NCT6793D"
"ASUSTek Computer","TUF Z370-PLUS GAMING","NCT6793D"
"ASUSTek Computer","TUF Z370-PRO GAMING","NCT6793D"
"ASUSTek Computer","TUF Z390M-PRO GAMING","NCT6798D"
"ASUSTek Computer","UN42","NCT5538D"
"ASUSTek Computer","UN45H","NCT5568D"
"ASUSTek Computer","UN45","NCT5568D"
"ASUSTek Computer","UN62","NCT5538D"
"ASUSTek Computer","UN65U","NCT5539D"
"ASUSTek Computer","VC62B","NCT6791D"
"ASUSTek Computer","VC66","NCT5539D"
"ASUSTek Computer","VM42","NCT6791D"
"ASUSTek Computer","VM62","NCT6791D"
"ASUSTek Computer","VM62N","NCT6791D"
"ASUSTek Computer","V-P8H67E","NCT6776F"
"ASUSTek Computer","WS C422 DC","NCT6796D"
"ASUSTek Computer","WS C422 PRO/SE","NCT6796D"
"ASUSTek Computer","WS X299 PRO","NCT6796D"
"ASUSTek Computer","WS X299 SAGE-10G","NCT6796D"
"ASUSTek Computer","WS X299 SAGE","NCT6796D"
"ASUSTek Computer","X79-DELUXE","NCT6776F"
"ASUSTek Computer","X99-E WS/USB 3.1","NCT6791D"
"ASUSTek Computer","Z170-A","NCT6793D"
"ASUSTek Computer","Z170-AR","NCT6793D"
"ASUSTek Computer","Z170-DELUXE","NCT6793D"
"ASUSTek Computer","Z170-E","NCT6793D"
"ASUSTek Computer","Z170I PRO GAMING","NCT5539D"
"ASUSTek Computer","Z170-K","NCT5539D"
"ASUSTek Computer","Z170M-E D3","NCT6793D"
"ASUSTek Computer","Z170M-PLUS-BR","NCT6793D"
"ASUSTek Computer","Z170M-PLUS","NCT6793D"
"ASUSTek Computer","Z170-P D3","NCT5539D"
"ASUSTek Computer","Z170-P","NCT5539D"
"ASUSTek Computer","Z170 PRO GAMING/AURA","NCT6793D"
"ASUSTek Computer","Z170 PRO GAMING","NCT6793D"
"ASUSTek Computer","Z170-PRO","NCT6793D"
"ASUSTek Computer","Z170-WS","NCT6793D"
"ASUSTek Computer","Z590M-PLUS","NCT6798D"
"ASUSTek Computer","Z590 WIFI GUNDAM EDITION","NCT6798D"
"ASUSTek Computer","Z77-A","NCT5535D"
"ATComputers","COMFOR OFFICE ECONOM","NCT5538D"
"ATComputers","TRILINE PROFI","IT8655E"
"Bluechip Computer","BUSINESSline","NCT6791D"
"ByteSpeed","Value H81M-C","NCT6791D"
"CartiM","Xtra0001","NCT5582D"
"CCL Computers","CCL Advantage Ryzen Motherboard Bundle","NCT6798D-R"
"CCL Computers","Customised BUNIA Motherboard Bundle","NCT6798D"
"CDM","Q170M2-CDM-SI-K","NCT6791D"
"CIARA","Q87M-XA","NCT6791D"
"CSL-Computer","5889","NCT6798D-R"
"CSL-Computer","5891","NCT6798D-R"
"CSL-Computer","5939","NCT6798D-R"
"CSL-Computer","5957","NCT6798D-R"
"CSL-Computer","934","NCT6798D-R"
"CSL-Computer","953","NCT6798D-R"
"CSL-Computer","A0000001","IT8655E"
"CSL-Computer","A0000001","IT8665E"
"CSL-Computer","A0000001","NCT5582D"
"CSL-Computer","A0000001","NCT6798D-R"
"CSL-Computer","H5823","IT8655E"
"CSL-Computer","Ryzen","NCT6798D-R"
"CSL-Computer","T8186","IT8655E"
"CSL-Computer","V8311w","NCT6798D-R"
"CSL-Computer","X5939","NCT6798D-R"
"Dell","OptiPlex 580","SmSC SCH5544"
"ECT","One Computer AMD A4-4020, 2x","IT8665E"
"ECT","ONE GAMING Ultra AN03","NCT6798D-R"
"EWIS Colombo","EWISPro2500","NCT5538D"
"Fujitsu","CELSIUS M470-2","SCH5027"
"Fujitsu","CELSIUS M470","SCH5027"
"Fujitsu","CELSIUS R570-2","SCH5027"
"Fujitsu","CELSIUS R670-2","SCH5027"
"Fujitsu","CELSIUS W410","SCH5636"
"Fujitsu","Celsius W420","SCH5636"
"Fujitsu","CELSIUS W420","SCH5636"
"Fujitsu","CELSIUS W530","SCH5636"
"Fujitsu","D2778-D1","SCH5027"
"Fujitsu","D2990-A2","NCT5571D"
"Fujitsu","D3041-A1","W83627DHGP"
"Fujitsu","D3061-B1","SCH5627"
"Fujitsu","D3071-S1","SCH5636"
"Fujitsu","D3224-A1","SCH5627"
"Fujitsu","D3313-A1","NCT5571D"
"Fujitsu","D3313-A1","SCH5627"
"Fujitsu","D3313-S4","NCT5571D"
"Fujitsu","D3313-S4","SCH5627"
"Fujitsu","D3348-B2","NCT5532D"
"Fujitsu","ESPRIMO C700","SCH5627"
"Fujitsu","ESPRIMO C710","SCH5627"
"Fujitsu","ESPRIMO C720","SCH5627"
"Fujitsu","ESPRIMO C910","SCH5627"
"Fujitsu","ESPRIMO E3521","W83627DHGP"
"Fujitsu","ESPRIMO E400","NCT5571D"
"Fujitsu","ESPRIMO E410","NCT5571D"
"Fujitsu","ESPRIMO E420","NCT5571D"
"Fujitsu","ESPRIMO E500","W83627DHG-P"
"Fujitsu","ESPRIMO E510","W83627DHG-P"
"Fujitsu","ESPRIMO E520","SCH5627"
"Fujitsu","ESPRIMO E5635","SCH5127"
"Fujitsu","ESPRIMO E700","SCH5627"
"Fujitsu","ESPRIMO E710","SCH5627"
"Fujitsu","ESPRIMO E720","SCH5627"
"Fujitsu","ESPRIMO E900","SCH5636"
"Fujitsu","ESPRIMO E910","SCH5636"
"Fujitsu","ESPRIMO E920","SCH5636"
"Fujitsu","ESPRIMO P1500","NCT5571D"
"Fujitsu","ESPRIMO P2550","NCT5571D"
"Fujitsu","ESPRIMO P2560","W83627DHGP"
"Fujitsu","ESPRIMO P3521","W83627DHGP"
"Fujitsu","ESPRIMO P400","NCT5571D"
"Fujitsu","ESPRIMO P410","NCT5571D"
"Fujitsu","ESPRIMO P420","NCT5571D"
"Fujitsu","ESPRIMO P500","W83627DHG-P"
"Fujitsu","ESPRIMO P510","W83627DHG-P"
"Fujitsu","ESPRIMO P520","SCH5627"
"Fujitsu","ESPRIMO P700","SCH5627"
"Fujitsu","ESPRIMO P710","SCH5627"
"Fujitsu","ESPRIMO P720","SCH5627"
"Fujitsu","ESPRIMO P900","SCH5636"
"Fujitsu","ESPRIMO P910","SCH5636"
"Fujitsu","ESPRIMO P920","SCH5636"
"Fujitsu","ESPRIMO PH300","NCT5571D"
"Fujitsu","ESPRIMO PH320","NCT5571D"
"Fujitsu","ESPRIMO Q520","SCH5636"
"Fujitsu","ESPRIMO Q910","SCH5636"
"Fujitsu","ESPRIMO Q920","SCH5636"
"Fujitsu","FUTRO S700","NCT5571"
"Fujitsu","FUTRO S720","NCT5571D"
"Fujitsu","FUTRO S900","SCH5627"
"Fujitsu","FUTRO S920","NCT5571D"
"Fujitsu","FUTRO S920","SCH5627"
"Fujitsu","GREED PC","SCH5627"
"Fujitsu","PRIMERGY TX1310 M1","SCH5636"
"Fujitsu Siemens","D2841-A1","W83627DHGP"
"Fujitsu Siemens","ESPRIMO E5625","SCH5127"
"Fujitsu Siemens","ESPRIMO EDITION P2511","W8362EG"
"Fujitsu Siemens","ESPRIMO EDITION P2540","W83627DHGP"
"Fujitsu Siemens","ESPRIMO P3510","W83627DHG"
"Gigabyte Technology Co., Ltd.","AB350","IT8792E/IT8795E"
"Gigabyte Technology Co., Ltd.","AX370","IT8792E/IT8795E"
"Gigabyte Technology Co., Ltd.","B550 AORUS PRO AC","IT8688E IT8792E/IT8795E"
"Gigabyte Technology Co., Ltd.","B560I AORUS PRO AX","IT8689E"
"Gigabyte Technology Co., Ltd.","TRX40 AORUS XTREME","IT8688E IT8792E/IT8795E"
"Gigabyte Technology Co., Ltd.","X570 AORUS ELITE WIFI","IT8688E"
"Gigabyte Technology Co., Ltd.","X570 AORUS MASTER","IT8688E IT8792E/IT8795E"
"Gigabyte Technology Co., Ltd.","X570 AORUS PRO","IT8688E IT8792E/IT8795E"
"Gigabyte Technology Co., Ltd.","X570 AORUS PRO WIFI","IT8688E IT8792E/IT8795E"
"Gigabyte Technology Co., Ltd.","X570 I AORUS PRO WIFI","IT8688E"
"Gigabyte Technology Co., Ltd.","X570S AERO G","IT8689E IT87952E"
"Gigabyte Technology Co., Ltd.","X670E AORUS MASTER","IT8689E"
"Gigabyte Technology Co., Ltd.","Z390 AORUS ULTRA-CF", "IT8688E IT8792E/IT8795E"
"Gigabyte Technology Co., Ltd.","Z490 AORUS ELITE AC", "IT8688E"
"Gigabyte Technology Co., Ltd.","Z690 AORUS PRO DDR4","IT8689E IT87952E"
"Gigabyte Technology Co., Ltd.","Z690 AORUS PRO","IT8689E + IT87952E"
"Gigabyte Technology Co., Ltd.","Z97X-Gaming G1","IT8790E"
"IBM","4810350","W83627DHG-P"
"IBM","4810350","W83627DHG-P Controller"
"iBUYPOWER","INTEL","NCT6798D"
"ICL","RAY S182","NCT6796D"
"INSYS","ProB","NCT6791D"
"INSYS","ProB","NCT6798D"
"IT Partner","ITP Bisiness","NCT5539D"
"JGINYUE","B660M-VDH","NCT5585D"
"kernzerfall","pc","NCT6793D"
"Komplett","KomplettPC","NCT6798D-R"
"LDLC","CUSTOM","NCT6798D-R"
"Medion","Pentino/H-Series A/SFF/B85-1","NCT6791D"
"Medion","Pentino/H-Series A/SFF/B85-2","NCT6791D"
"Megapolis-Telecom Region","HomeNet Model: HN-G700","NCT6798D"
"Megaport","248581","NCT6798D-R"
"Megaport","PCA145-159498","NCT6798D-R"
"MicroElectronics","G464","NCT6798D-R"
"MicroElectronics","G470","NCT6798D"
"MicroElectronics","G508","NCT6798D-R"
"MM-Vision","Computer","NCT6793D"
"Novatech","BB-X001099","NCT6793D"
"Novatech","PC-X018392","NCT6798D-R"
"nVIDIA","FN68PT","SN68PT"
"OEGStone","Q87M-E","NCT6791D"
"Others","Others","NCT6798D-R"
"PC Specailist","Amd Am4 Gen3","NCT6798D-R"
"PC Specialist","Amd Am4 Gen3","NCT6798D-R"
"PC Specialist","Intel X299","NCT6796D"
"PC Specialist","Intel X299 Overclocked","NCT6796D"
"PC Specialist","Intel Z370","NCT6798D"
"PC Specialist","Intel Z590 Overclocked","NCT6798D"
"PC Specialist","ROG STRIX B350-F GAMING","IT8665E"
"PC Specialist","STRIX B250H GAMING","NCT5539D"
"PC Specialist","TUF X299 MARK 2","NCT6796D"
"PC Specialist","Vanquish Hellfire II 2080","NCT6793D"
"Positivo","OMNI H3-01768","IT8732"
"Positivo","POS-EIB85CZ","IT8732"
"Pro-B","INSYS","NCT6798D"
"RM","RM ONE ECOQUIET 214","NCT5535D"
"Seneca","PRO602617","NCT5538D"
"System76","Thelio Mira","NCT6798D-R"
"System76","Wild Dog Performance","NCT6791D"
"Tarox","Basic 3221BM","NCT6791D"
"Tarox","Business","NCT6791D"
"Tarox","PC TAROX Business 5000HMV BTO","NCT6791D"
"TEKNOSERVICE","TTL-TEKNOSLIM","NCT6793D"
"TOP ACHAT","CUSTOM","NCT6798D"
"Viglen","Vig800S","NCT6791D"
"WINBLU","ENERGY","IT8655E"
"Wortmann AG","1009506/2111037","NCT6791D"
"Wortmann AG","1009746/2110176","NCT6798D-R"
"Wortmann AG","EU1009628/2110193","NCT6798D"
"Wortmann AG","EU1009731/2110162","NCT5582D"
"Wortmann AG","TERRA/PC","NCT5532D"
"Wortmann AG","TERRA/PC","NCT6776F"
"Wortmann AG","TERRA/PC","NCT6791D"
"XENTA","990072","NCT6798D-R"
"XTPC","Gaming 7169ZPW8 Silent","NCT6791D"
"ZET Gaming","NEO M008","NCT6798D"
"ZET Gaming","NEO M021","NCT6798D"
